blockNumber,blockText,blockTags,nounCount,verbCount,pronounCount,adjCount,adverbCount,otherCount,totalWordCount
1,Business requirements are what must be delivered to provide value Products systems software and processes are the ways how to deliver satisfy or meet the business requirements whats Consequently the topic of business requirements often arises in the context of developing or procuring software or other system; but business requirements exist much more broadly That is 'business' can be at work or personal for profit or non-profit,EO|EI,21,13,1,5,5,22,67
2,Confusion arises for three main reasons (1) A common practice is to refer to objectives or expected benefits as 'business requirements' (2) People commonly use the term 'requirements' to pertain to the features of the product system software expected to be created (3) A widely-held model says these two types of requirements differ only in level of detail or abstraction—wherein 'business requirements' are high-level and vague and decompose into product system or software requirements that are detailed,EI,26,13,0,8,2,35,72
3,Such confusion can be avoided by recognizing that business requirements are not objectives but rather meet objectives (ie provide value) when satisfied Business requirements whats do not decompose into product/system/software requirements hows Rather products and their requirements represent a response to business requirements—a way how presumably to satisfy the whats Business requirements exist within the business environment and must be discovered whereas product requirements are human-defined (specified) Business requirements are not just high-level but need to be driven down to detail No matter how far down in detail they are driven business requirements are always business deliverable whats that provide value when satisfied; driving them down to detail never turns business requirements into product requirements[1],IEF,42,27,3,7,9,30,114
4,In system or software development projects business requirements usually requires authority from stakeholders This typically leads to the creation or updating of a product system or piece of software The product/system/software requirements usually consist of both functional requirements and non-functional requirements Although typically defined in conjunction with the product/system/software functionality (features and usage) non-functional requirements often actually reflect a form of business requirements which sometimes are considered constraints such as necessary performance security or safety that apply at the business level,EO,30,8,0,7,8,28,79
5,Business requirements are often listed in a Business Requirements Document or BRD The emphasis in a BRD is on what is required rather than on how to achieve it which is usually delegated to a Systems Requirements Specification or Document (SRS or SRD) or other variation such as a Functional Specification Document While supposedly describing the product system or software from an external perspective such documents often define the product/system/software requirements in the context of a chosen technology (a solution approach or architecture) Further confusion often arises when people writing BRDs do not understand the distinctions; and consequently many BRDs actually describe requirements of a product system or software,EO|EI,42,15,2,6,9,35,102
total,This row contains overall totals of the parts of speech and word count,None,161,76,6,33,33,150,434
